analysis,model,comparison,feature,group_a,group_b,mean_a,mean_b,n_a,n_b,u_stat,p_mw,p_perm,effect_r,p_bonferroni,p_bh_fdr
12A.1,mixtral-8x7b,fixed_vs_still_broken,curvature_score,fixed_by_ft,still_broken,0.3127499247241328,0.5872479378621992,47,6,76.0,0.0700969066291469,0.0247,0.46099290780141844,1.0,0.2803876265165876
12A.1,mixtral-8x7b,fixed_vs_still_broken,density,fixed_by_ft,still_broken,1.9503370052732634,1.4814872068658216,47,6,253.5,0.001666000820569406,0.0026,-0.7978723404255319,0.039984019693665745,0.019992009846832873
12A.1,mixtral-8x7b,fixed_vs_still_broken,centrality,fixed_by_ft,still_broken,0.6535529257276501,0.7769341528948397,47,6,22.5,0.0009245587979362187,0.0002,0.8404255319148937,0.02218941115046925,0.019992009846832873
12A.1,mixtral-8x7b,broken_vs_correct,curvature_score,broken_by_ft,always_correct,0.4284529616900141,0.37937084727402964,6,366,1186.0,0.7376449656517483,0.6813,-0.08014571948998173,1.0,0.7376449656517483
12A.1,mixtral-8x7b,broken_vs_correct,density,broken_by_ft,always_correct,1.5481930230741607,1.8800195058988975,6,366,608.0,0.06098765146408575,0.0665,0.44626593806921677,1.0,0.2803876265165876
12A.1,mixtral-8x7b,broken_vs_correct,centrality,broken_by_ft,always_correct,0.6890912872420789,0.6793518108614239,6,366,1218.0,0.6473892845300606,0.7834,-0.1092896174863387,1.0,0.7062428558509752
12A.1_unstable,mixtral-8x7b,fixed_vs_still_broken,oppositeness_score,fixed,still_broken,0.5259468658825283,0.4022559643047463,47,6,215.5,0.03776927222923641,,-0.5283687943262412,,
12A.1_unstable,mixtral-8x7b,broken_vs_correct,oppositeness_score,broken_by_ft,always_correct,0.49047452037865574,0.488464114025466,6,366,961.0,0.6013498364704806,,0.12477231329690341,,
12A.1,llama-4-maverick-17b,fixed_vs_still_broken,curvature_score,fixed_by_ft,still_broken,0.43262440733449853,0.28348843506600946,17,9,101.0,0.19514160512266387,0.3113,-0.3202614379084967,1.0,0.39028321024532775
12A.1,llama-4-maverick-17b,fixed_vs_still_broken,density,fixed_by_ft,still_broken,1.738211567790861,1.557602218208326,17,9,119.0,0.023594675401788424,0.2135,-0.5555555555555556,0.5662722096429222,0.18875740321430742
12A.1,llama-4-maverick-17b,fixed_vs_still_broken,centrality,fixed_by_ft,still_broken,0.6928776710427992,0.7149557081740316,17,9,62.0,0.45051586608854133,0.3288,0.1895424836601307,1.0,0.631050304007766
12A.1,llama-4-maverick-17b,broken_vs_correct,curvature_score,broken_by_ft,always_correct,0.46868043090073347,0.37048166182450376,4,403,970.0,0.48485202500295044,0.5099,-0.2034739454094292,1.0,0.631050304007766
12A.1,llama-4-maverick-17b,broken_vs_correct,density,broken_by_ft,always_correct,1.5673455850827762,1.8900612253476274,4,403,431.0,0.10967183796400722,0.1502,0.4652605459057072,1.0,0.2924582345706859
12A.1,llama-4-maverick-17b,broken_vs_correct,centrality,broken_by_ft,always_correct,0.7048618763208958,0.6768538074742146,4,403,955.0,0.525875253339805,0.5422,-0.18486352357320102,1.0,0.631050304007766
12A.1_unstable,llama-4-maverick-17b,fixed_vs_still_broken,oppositeness_score,fixed,still_broken,0.49643039755401913,0.5264252433109468,17,9,67.0,0.6276258050283593,,0.12418300653594772,,
12A.1_unstable,llama-4-maverick-17b,broken_vs_correct,oppositeness_score,broken_by_ft,always_correct,0.4783707022344752,0.48991315952020564,4,403,795.0,0.9642264267307472,,0.013647642679900707,,
12A.2,mixtral-8x7b,within_borderline_plausible_fake,curvature_score,ft_correct,ft_wrong,0.45323768150796107,0.7148220247141694,27,4,29.0,0.1486252101956089,0.1641,0.4629629629629629,1.0,0.3242731858813285
12A.2,mixtral-8x7b,within_borderline_plausible_fake,density,ft_correct,ft_wrong,1.6502886982666085,1.5470101352482715,27,4,66.5,0.4794115129019373,0.3909,-0.2314814814814814,1.0,0.631050304007766
12A.2,mixtral-8x7b,within_borderline_plausible_fake,centrality,ft_correct,ft_wrong,0.7046962816579239,0.7348357842528093,27,4,40.5,0.4435651405818787,0.2695,0.25,1.0,0.631050304007766
12A.2,llama-4-maverick-17b,within_borderline_plausible_fake,curvature_score,ft_correct,ft_wrong,0.5397886432873281,0.30596829438225015,24,7,119.0,0.10293380027099143,0.1232,-0.41666666666666674,1.0,0.2924582345706859
12A.2,llama-4-maverick-17b,within_borderline_plausible_fake,density,ft_correct,ft_wrong,1.646310629558893,1.6049114692540125,24,7,117.0,0.12458981018494647,0.692,-0.3928571428571428,1.0,0.2990155444438715
12A.2,llama-4-maverick-17b,within_borderline_plausible_fake,centrality,ft_correct,ft_wrong,0.7057348960729861,0.718357890860502,24,7,69.0,0.49321850234350795,0.5664,0.1785714285714286,1.0,0.631050304007766
12A.3,mixtral-8x7b,broken_vs_always_correct,curvature_score,broken_by_ft,always_correct,0.4284529616900141,0.37937084727402964,6,366,1186.0,0.7376449656517483,0.6813,-0.08014571948998173,1.0,0.7376449656517483
12A.3,mixtral-8x7b,broken_vs_always_correct,density,broken_by_ft,always_correct,1.5481930230741607,1.8800195058988975,6,366,608.0,0.06098765146408575,0.0665,0.44626593806921677,1.0,0.2803876265165876
12A.3,mixtral-8x7b,broken_vs_always_correct,centrality,broken_by_ft,always_correct,0.6890912872420789,0.6793518108614239,6,366,1218.0,0.6473892845300606,0.7834,-0.1092896174863387,1.0,0.7062428558509752
12A.3,llama-4-maverick-17b,broken_vs_always_correct,curvature_score,broken_by_ft,always_correct,0.46868043090073347,0.37048166182450376,4,403,970.0,0.48485202500295044,0.5099,-0.2034739454094292,1.0,0.631050304007766
12A.3,llama-4-maverick-17b,broken_vs_always_correct,density,broken_by_ft,always_correct,1.5673455850827762,1.8900612253476274,4,403,431.0,0.10967183796400722,0.1502,0.4652605459057072,1.0,0.2924582345706859
12A.3,llama-4-maverick-17b,broken_vs_always_correct,centrality,broken_by_ft,always_correct,0.7048618763208958,0.6768538074742146,4,403,955.0,0.525875253339805,0.5422,-0.18486352357320102,1.0,0.631050304007766
