id,category,local_id,curvature_score,oppositeness_score,density,centrality
ambiguous_001,ambiguous,57.66172953847775,0.0,0.4156342885356943,1.565089779161521,0.6943067987160128
ambiguous_002,ambiguous,12.7711908968818,0.24313990749982972,0.39146578941784527,1.5494188584948603,0.6474066608678708
ambiguous_003,ambiguous,8.052094694088913,0.37694584891073246,0.5415378481426214,1.7437902048922571,0.6138856797792848
ambiguous_004,ambiguous,5.098198782166944,0.4330116608299781,0.5983200930324122,2.0226340416216866,0.4898837439065977
ambiguous_005,ambiguous,11.600796641478627,0.3310680273997213,0.4151787544611629,1.5339574399186924,0.6081579371302618
ambiguous_006,ambiguous,15.76145963537686,0.1413138809201515,0.5141315589513105,1.7204687480456802,0.6028643784035935
ambiguous_007,ambiguous,7.084282306669353,0.4005484034250958,0.4153020430058195,1.797933871847539,0.510114834897196
ambiguous_008,ambiguous,26.057744386186823,0.01534959855237017,0.5978762087457399,1.673835607493561,0.5807672954556702
ambiguous_009,ambiguous,0.8642357678586823,0.810222294169754,0.5410302434355854,2.5114981967544985,0.6306374868991557
ambiguous_010,ambiguous,16.855731317797684,0.19415740770763645,0.5191446546654289,1.494546629275374,0.6113482477448922
ambiguous_011,ambiguous,3.186713882628411,0.5995234990144458,0.47494222830359945,2.122441373264552,0.6553088670603009
ambiguous_012,ambiguous,15.005056303641823,0.12183214778430529,0.5307091580913543,1.8939818832179183,0.6585438843052543
ambiguous_013,ambiguous,1.5286634177412182,0.7724038517771424,0.44348515666025257,1.9462265891593498,0.6229171077909272
ambiguous_014,ambiguous,3.244430284121323,0.6877869638338374,0.3406184786625097,1.6801685806586029,0.5598087171451318
ambiguous_015,ambiguous,15.370085889974591,0.07488265618393508,0.5403786977350308,2.4801267596860943,0.6049597616493123
ambiguous_016,ambiguous,11.77040789247627,0.3069413007184477,0.505434350708284,1.6664480364598728,0.6475945771235175
ambiguous_017,ambiguous,275.9153659586412,1.1102230246251565e-16,0.6441140285314355,1.7388711806095025,0.5973611560236411
ambiguous_018,ambiguous,11.37665998722874,0.16650669911345162,0.5751745627456685,2.305337895685948,0.5956230372096071
ambiguous_019,ambiguous,2.8540568145038363,0.6400820383970782,0.5592930588133187,1.9712885429724085,0.6716728168110198
ambiguous_020,ambiguous,1.6173475460872626,0.8702335599916571,0.47578641963807144,1.6218106379540818,0.6132351198139129
ambiguous_021,ambiguous,3.3776128534999095,0.5513977297138246,0.5894761743693043,2.249832014101308,0.6138440852372811
ambiguous_022,ambiguous,5.975203604389157,0.4695611249339706,0.557593390406148,1.8092404199825933,0.6209669822204826
ambiguous_023,ambiguous,8.483643969188593,0.39538948238035165,0.5691931090140199,1.5974707545419053,0.6390235378932696
ambiguous_024,ambiguous,3.9484309281792003,0.5600616541125466,0.5474490621143892,1.9474567275802197,0.6587056818194755
ambiguous_025,ambiguous,37.77877677479285,1.1102230246251565e-16,0.5106095191091136,1.717618831627363,0.6042423054737268
ambiguous_026,ambiguous,1.7761586036273942,0.8029824602360072,0.4762927540079238,1.9964146994909064,0.5788244380193986
ambiguous_027,ambiguous,2.671884712139023,0.7462294848301148,0.561990511289969,1.8558160134863284,0.6013932288997351
ambiguous_028,ambiguous,0.6179643873043389,0.8284786975331595,0.6069539484982892,2.5252847706619868,0.520238781426611
ambiguous_029,ambiguous,2.1176372498298273,0.7931952680808365,0.5211016725058244,1.6836064487505507,0.6382090357137444
ambiguous_030,ambiguous,47.87119720618787,1.1102230246251565e-16,0.3769112341871377,1.6846024223061324,0.6528189816525457
ambiguous_031,ambiguous,3.339471943979067,0.5685058951090427,0.6107826018382412,2.2055847467960965,0.6262884744490513
ambiguous_032,ambiguous,2.259805011989778,0.6829092070440796,0.5170154613674063,1.9308048152207933,0.6754168115601773
ambiguous_033,ambiguous,3.478476903814165,0.6167776008064441,0.43870016870928774,1.518717559541779,0.6928879755034043
ambiguous_034,ambiguous,8.537334401379102,0.31314174483126134,0.2799115946595805,1.6499273580196876,0.6394289681050225
ambiguous_035,ambiguous,10.003700106694458,0.23363873931989976,0.5995409792297617,1.8805644152105414,0.6670465182364049
ambiguous_036,ambiguous,3.6194803555064325,0.6276224533827568,0.5623739359238051,1.5892633047376137,0.6412019805384152
ambiguous_037,ambiguous,6.643236911994237,0.4491127308604709,0.5782578488815339,1.6707950743696884,0.699227244385367
ambiguous_038,ambiguous,1.4301332446915669,0.8451080973533927,0.5699479455504015,1.8336043336604242,0.6326007058657358
ambiguous_039,ambiguous,0.9768177453716343,0.8130909935005967,0.4889086036678165,1.7563203109542787,0.6826573138008563
ambiguous_040,ambiguous,7.235561679241396,0.48625829916853736,0.5043973347121689,1.535061761847751,0.6645937380627402
ambiguous_041,ambiguous,27.0074545260508,0.0016078756047434029,0.6072897145645578,2.0888225913679226,0.647653958115617
ambiguous_042,ambiguous,3.816038831261721,0.49891150136614304,0.6038762545313004,2.103179871899225,0.6457938607053698
ambiguous_043,ambiguous,0.8656644715796472,0.798812350776882,0.5456339072752676,1.733411502278331,0.6208376147481497
ambiguous_044,ambiguous,14.371143596667983,0.25467574778025237,0.3773390650507239,1.4950757348698924,0.7616907139889422
ambiguous_045,ambiguous,9.520085550987481,0.2799245064006258,0.5278178880200208,1.888180109976153,0.6943091444305937
ambiguous_046,ambiguous,3.4580759080796706,0.6786776640025185,0.5170638626306951,1.7299415745206668,0.6504704154867347
ambiguous_047,ambiguous,229.12648494771108,1.1102230246251565e-16,0.4204184642286358,2.145766562972512,0.6329053904462384
ambiguous_048,ambiguous,19.420680370506343,0.024188279223107623,0.5909074505400813,2.288906955513617,0.6177365398757858
ambiguous_049,ambiguous,19.141921440924083,0.1338319435655816,0.44990891222734275,1.5380400685614082,0.7674039652651337
ambiguous_050,ambiguous,13.847264935959958,0.20357781909131656,0.33892483155524,1.620548187876778,0.5601221853378529
ambiguous_051,ambiguous,10.537761855794349,0.34403318358342827,0.4601494762342334,1.7112681100866873,0.6224850162467718
ambiguous_052,ambiguous,10.975625317985896,0.27939257285756336,0.5614773117956802,1.579181005976968,0.691461514624911
ambiguous_053,ambiguous,59.51231074615953,0.0,0.4788564546870152,2.1799795276397185,0.6232148844192703
ambiguous_054,ambiguous,10.756769563877855,0.29338680784927473,0.39340787249385634,1.7759208571980347,0.580785475337196
ambiguous_055,ambiguous,4.4686766576414625,0.5199148386004376,0.5199714445316406,2.5969744426951213,0.5732440090446347
ambiguous_056,ambiguous,0.7400118626127161,0.7974348630102986,0.5025732015597931,1.6797383665553796,0.6475660263439422
ambiguous_057,ambiguous,2.5399388354294676,0.7750758262802089,0.5291665196172007,1.5609615467481655,0.6186876444101215
ambiguous_058,ambiguous,5.5600148607481605,0.5271629009504276,0.4719751235579468,1.687188027788292,0.6212577147625102
ambiguous_059,ambiguous,7.050238195443652,0.31679088420426493,0.5387339806884525,1.9835364125025805,0.6201229137476376
ambiguous_060,ambiguous,5.051653961177022,0.43045334952392067,0.5115514971755741,2.095574883989551,0.6359756786337344
ambiguous_061,ambiguous,6.54037446115905,0.3645017188334204,0.5346938989479668,2.097435802227228,0.627067689742765
ambiguous_062,ambiguous,5.400391160108261,0.47743462253755764,0.5618670082345072,1.5369031173892644,0.6945673742435228
ambiguous_063,ambiguous,4.903902160100049,0.5236890527637812,0.6031086831908599,2.54242573743654,0.6111272864587158
ambiguous_064,ambiguous,10.340255153424948,0.2437861099834241,0.4467225523085322,1.5038056247930538,0.6891649601065237
ambiguous_065,ambiguous,8.546080835453612,0.3140082349290382,0.626480452621303,1.9168220764965882,0.6265136470154137
ambiguous_066,ambiguous,4.443950147817066,0.4099596126595779,0.6113397377140095,2.2416902797089486,0.6192886555986217
ambiguous_067,ambiguous,14.390285334770088,0.19941869764937203,0.2457851440808967,1.8416195851982162,0.5975522859163487
ambiguous_068,ambiguous,12.984197605951564,0.1668939694176934,0.36584580873818173,2.1269834249629835,0.6597390044591538
ambiguous_069,ambiguous,10.860928073272275,0.23674454120581978,0.6752106385424412,2.076379767918951,0.6214246083105571
ambiguous_070,ambiguous,11.460192672755229,0.24843714683936757,0.6326944093320128,1.827599292721705,0.693133638063166
ambiguous_071,ambiguous,1.2289730194211836,0.8355993143415067,0.5358537830198884,1.7724553117797952,0.6774956802449354
ambiguous_072,ambiguous,2.3588608716326354,0.6613819575616868,0.6294798501820718,2.3270287030545904,0.62551858762387
ambiguous_073,ambiguous,6.6504961315695414,0.37272543264030755,0.4614158387553149,2.1244645572731518,0.6371902122708033
ambiguous_074,ambiguous,12.255762197721484,0.22043656445552762,0.33169857946038817,1.7882724976566113,0.6122691418166685
ambiguous_075,ambiguous,8.146281182674997,0.3764565742451915,0.3692088234799319,1.8245459564509694,0.533601087957776
ambiguous_076,ambiguous,1.3630947331406809,0.7757601572917363,0.41478094386127073,2.0328201264473487,0.5959284285356088
ambiguous_077,ambiguous,162.93296674908666,2.220446049250313e-16,0.4957027373344357,1.536470546134045,0.6826399679796632
ambiguous_078,ambiguous,2.006898150587749,0.6324053106315912,0.4937171554256311,1.945330118035083,0.6601097007305795
ambiguous_079,ambiguous,15.651967765542395,0.16562809681228863,0.39216279378253094,1.5563093996623678,0.6946938833658054
ambiguous_080,ambiguous,4.758009688931131,0.5014482077436256,0.5897690834489995,1.7915628552936198,0.6971727755264748
ambiguous_081,ambiguous,3.2202330830160304,0.5919329705426948,0.6197380550070453,2.5051009974273666,0.5780753558659365
ambiguous_082,ambiguous,1.8602513669017895,0.8385248327459198,0.5904792330604715,2.65760921886142,0.5690543041506173
ambiguous_083,ambiguous,7.301768887754116,0.4325167667885311,0.4463436510743666,1.4865728365025532,0.7123783145066853
ambiguous_084,ambiguous,0.7130406364140154,0.8284786975331948,0.6087768463716623,2.6228677412403574,0.5325001915300704
ambiguous_085,ambiguous,10.85333164600165,0.20651400395757802,0.5337960274780766,1.9417837218464704,0.6249224067218996
ambiguous_086,ambiguous,1.918746847213496,0.8057506655426554,0.49432402698463773,1.9661423227705317,0.6794240410175595
ambiguous_087,ambiguous,12.585188186372337,0.09910560624751408,0.5328760227218186,1.8426007232952513,0.6264213770015139
ambiguous_088,ambiguous,5.423970476433467,0.46545183395847667,0.4312446978827075,2.1678118620288385,0.6448998705425286
ambiguous_089,ambiguous,2.499514489462165,0.7046883612191006,0.4629779506579521,2.191864076295737,0.6468225783718489
ambiguous_090,ambiguous,1.173333089077459,0.8363136232705926,0.44805311772026635,1.793278527960937,0.6948042742213243
ambiguous_091,ambiguous,7.150129029832506,0.3334297311894373,0.39427559033394943,2.1397354931528136,0.650830809332922
ambiguous_092,ambiguous,9.572662359651718,0.22848166431386652,0.6382502326526379,2.187057799879369,0.6249721499645494
ambiguous_093,ambiguous,5.506831957611038,0.4021290749315978,0.58668159852998,2.3650449117024346,0.5943064950666556
ambiguous_094,ambiguous,7.5891049840590314,0.3279796131790226,0.5724356084168138,2.851106114041366,0.5953976604834686
ambiguous_095,ambiguous,4.984107924182291,0.47957634993932763,0.5434711897506694,2.0347558220802386,0.6417077474978086
ambiguous_096,ambiguous,3.4958097329035125,0.5430313047452981,0.5797724320578757,2.185960790592877,0.6192051243108224
ambiguous_097,ambiguous,2.2948581999926008,0.6964526960488967,0.5928584329964226,2.255633246100926,0.6236666912794225
ambiguous_098,ambiguous,7.481121790602546,0.35363371931112,0.5022334304489751,1.8542086674089302,0.6542844226082913
ambiguous_099,ambiguous,4.970919344226251,0.4998512698219931,0.44990518569047744,2.056481748874773,0.6457024585796355
ambiguous_100,ambiguous,1.7679654526539046,0.7977536569210807,0.5123482929441899,1.9015577280170006,0.694851541068151
ambiguous_101,ambiguous,4.11077318704517,0.5392439077462108,0.527460196201524,1.555374505278704,0.6641437930886995
ambiguous_102,ambiguous,6.823431524693414,0.5418238408974414,0.42581496051765644,1.439616707401024,0.711303709087336
ambiguous_103,ambiguous,3.4800238350044155,0.6172307369313189,0.6351043841873577,1.899624136788375,0.6451480733847248
ambiguous_104,ambiguous,1.790110370000435,0.8201107298443897,0.4644913744799285,1.8693245179821614,0.6048950076416602
ambiguous_105,ambiguous,173.64288970175983,1.1102230246251565e-16,0.5547570229630654,2.8198997111218813,0.5512534528830704
ambiguous_106,ambiguous,7.33931694799888,0.34918770396923593,0.6174932479979987,2.045012831727439,0.6083841731802143
ambiguous_107,ambiguous,0.876144423941698,0.8078849027409125,0.5389714758319625,3.0770754665882656,0.5966909679386163
ambiguous_108,ambiguous,0.9066978317534907,0.8569098548397956,0.5316620966574492,2.569801178183838,0.562659953248897
ambiguous_109,ambiguous,68.3749060066853,0.0,0.5843194785031849,2.845605176095007,0.565701177451891
ambiguous_110,ambiguous,0.7752892328369305,0.8530639224351576,0.5416178482745975,2.698030366066001,0.5802588140291489
ambiguous_111,ambiguous,0.809118622675136,0.8078849027409138,0.5333449280490556,2.8931615060598137,0.5894810495184984
ambiguous_112,ambiguous,2.0300832401199984,0.7018649923568405,0.5875251954138911,2.2980884120694447,0.6205450114939011
ambiguous_113,ambiguous,1.7141924737251644,0.8180648068003227,0.594034277161962,2.1270934283516127,0.6275907808506483
ambiguous_114,ambiguous,1.184224456983789,0.7889355543765297,0.5512997328912539,2.690208912272164,0.6059736464486075
ambiguous_115,ambiguous,2.638050236787994,0.6958233929324704,0.5624923221218352,3.13961757411253,0.5133609501704623
ambiguous_116,ambiguous,4.783372534248023,0.5680273346077176,0.5485724187748795,2.3453160324296687,0.595014156441557
ambiguous_117,ambiguous,1.8425374587126075,0.806535215060823,0.4765461231082748,1.9970978334104925,0.6784686049485954
ambiguous_118,ambiguous,4.165302482743573,0.49974342668095795,0.3901380387433506,2.063673980157022,0.6527196073665225
ambiguous_119,ambiguous,2.439388089923308,0.7271911821844753,0.5711889826818153,2.5440885401678313,0.6369797894144595
ambiguous_120,ambiguous,227.89371969866576,-2.220446049250313e-16,0.47639497566549427,1.911638704156413,0.5928224877740642
borderline_obscure_0,borderline_obscure_real,0.676086432562114,0.8601703548357273,0.380426516108904,1.4426440789050854,0.759539266279209
borderline_obscure_2,borderline_obscure_real,49.16988446125534,0.0,0.4767362784179192,1.5394294030813749,0.6905982631245545
borderline_obscure_3,borderline_obscure_real,2.2477204090789122,0.8151053230090568,0.5135885845075926,1.4324117292325262,0.7160167570578825
borderline_obscure_4,borderline_obscure_real,1.247109013244042,0.8904528391448923,0.3851635310241831,1.3914898870674333,0.8028398416541203
borderline_obscure_5,borderline_obscure_real,39.26464695561903,1.1102230246251565e-16,0.5480057125937774,1.456169084992063,0.7302105934540191
borderline_obscure_6,borderline_obscure_real,25.367370847851216,0.0022202110320599378,0.49857058935195897,1.3965922442654586,0.7080744412649503
borderline_obscure_8,borderline_obscure_real,32.42236633573949,0.0,0.5848932153846833,1.3904485473228811,0.7600686348185066
borderline_obscure_9,borderline_obscure_real,1.0941748570242373,0.8972608953699348,0.5332707226595235,1.4653330209908892,0.7947901718618735
borderline_obscure_10,borderline_obscure_real,21.928884039093937,0.11102403726880761,0.5064141736740347,1.5439617684901843,0.734857677462742
borderline_obscure_12,borderline_obscure_real,1.1290936180138118,0.8705791190492252,0.5072987362870598,1.4492437444275441,0.7199929697400049
borderline_obscure_14,borderline_obscure_real,0.6879317270768303,0.9037653838093687,0.37657502300771284,1.3898284651286852,0.797694264334118
borderline_obscure_15,borderline_obscure_real,1.014234952597225,0.8641478938835174,0.49723107009781786,1.3636753138338111,0.7914715120183584
borderline_obscure_16,borderline_obscure_real,2.5375087517263974,0.821770877974048,0.4530592478934239,1.3168587070838558,0.7959865441870682
borderline_obscure_17,borderline_obscure_real,3.4010769460724424,0.7282262853221942,0.5483487716258646,1.4752647477684608,0.6894746661132107
borderline_obscure_18,borderline_obscure_real,0.07434052678873203,0.885039667531379,0.3206627842687223,1.4345513256550722,0.767553438684401
borderline_obscure_19,borderline_obscure_real,1.9974095178708804,0.8795983184689004,0.4045362110921946,1.4757917229043602,0.6814774467570698
borderline_obscure_20,borderline_obscure_real,4633.747690781311,2.220446049250313e-16,0.6247808245821029,1.36383805134471,0.7852549772952226
borderline_obscure_21,borderline_obscure_real,19.01762355862127,0.11839146700067815,0.5636840975673094,1.4825358502744503,0.6758242794032906
borderline_obscure_22,borderline_obscure_real,15.165391993550706,0.21189705794996005,0.5175769642193446,1.530834555801445,0.7400244419119691
borderline_obscure_23,borderline_obscure_real,5.417117910231347,0.5358001745491472,0.4564859888242796,1.4976166733283753,0.6865347812076548
borderline_obscure_24,borderline_obscure_real,4.969245330865395,0.6532912547494265,0.5318094579212743,1.3930138702785053,0.8119967722692096
borderline_obscure_25,borderline_obscure_real,55.89506518869503,0.0,0.6031043870974065,1.4049449355842907,0.7813269015379588
borderline_obscure_26,borderline_obscure_real,15.841523277884964,0.18672530705752488,0.5385020833688743,1.435797350062664,0.7231823997726301
borderline_obscure_27,borderline_obscure_real,22.04761241476395,0.047042025233243634,0.49350738695638574,1.499840404969015,0.7185313665385669
borderline_obscure_28,borderline_obscure_real,0.07433933414173656,0.8850396674860556,0.32065376775140064,1.4345778058340082,0.7675464651672375
borderline_obscure_29,borderline_obscure_real,1.2715104673661712,0.8381867515861032,0.29803910397174105,1.3807041318616375,0.7680804721967379
borderline_obscure_30,borderline_obscure_real,1.101704273215889,0.9053580861264051,0.5729204152569882,1.383783859973781,0.7877206209530659
borderline_obscure_31,borderline_obscure_real,78.04788184858077,2.220446049250313e-16,0.46252632408669236,1.4045779231106184,0.6789699389283437
borderline_obscure_32,borderline_obscure_real,10.182512605320913,0.35080818322544705,0.44162305254543277,1.4287309759139495,0.7183022353319346
borderline_obscure_34,borderline_obscure_real,5.002985137300862,0.594787148753237,0.48411952669852576,1.404463956558598,0.7815424692372994
borderline_fake_0,borderline_plausible_fake,17.044098709254822,0.15431413431363905,0.5221977159809128,1.3396716508135893,0.7789532824397316
borderline_fake_2,borderline_plausible_fake,33.5007667320672,-2.220446049250313e-16,0.5630112783039618,1.4917145750909566,0.6495646978213163
borderline_fake_3,borderline_plausible_fake,0.030785406695253335,0.8930197863292813,0.5946655606836748,1.714803158252412,0.7078768147097213
borderline_fake_4,borderline_plausible_fake,0.8544051459461633,0.8487219438480016,0.44120322675918155,1.403304233062113,0.7680671862928239
borderline_fake_5,borderline_plausible_fake,303.90036842637096,0.0,0.5216302636495369,1.5842333469823082,0.7073924264272523
borderline_fake_6,borderline_plausible_fake,,0.20658568143502987,0.5793470729952312,1.7442046606533752,0.7006257998094995
borderline_fake_7,borderline_plausible_fake,0.030785406695253335,0.8930197830651714,0.5946655606836748,1.714803158252412,0.7078768147097213
borderline_fake_8,borderline_plausible_fake,17.405588493817053,0.15988234004871738,0.5747132967480475,1.4039613939405602,0.7529082510335643
borderline_fake_9,borderline_plausible_fake,0.030708606671403255,0.8815393094449119,0.6089304574475284,1.672185823050997,0.7010155598930864
borderline_fake_10,borderline_plausible_fake,108.44827317288036,-2.220446049250313e-16,0.5477022629686038,1.5619495298973567,0.6595095057028042
borderline_fake_11,borderline_plausible_fake,1.0593216829187821,0.8027263178343752,0.3971681297206069,1.4746178069481553,0.7206470907854094
borderline_fake_12,borderline_plausible_fake,13.42356003617935,0.18294109319619933,0.5502772179016233,1.7945921844027297,0.5934402585539731
borderline_fake_13,borderline_plausible_fake,1.654406427917863,0.7683561140565991,0.6036819845675134,1.9328797836657112,0.6766605611376519
borderline_fake_14,borderline_plausible_fake,1.6397074276108965,0.730000118140881,0.6232228087200475,2.1573230569791986,0.6509735222404089
borderline_fake_15,borderline_plausible_fake,453.18060633596036,0.0,0.5743052135528366,1.6943456327408868,0.7290265893741614
borderline_fake_16,borderline_plausible_fake,0.030708606671403255,0.8815393083804391,0.6089304574475284,1.672185823050997,0.7010155598930864
borderline_fake_17,borderline_plausible_fake,10.23883333235531,0.3856457716450652,0.5744485494467595,1.5288213207393966,0.7682496237998078
borderline_fake_19,borderline_plausible_fake,70.98658750830832,-2.220446049250313e-16,0.5625792140599606,1.379829009045727,0.7826510402931802
borderline_fake_20,borderline_plausible_fake,1.6268713375333022,0.8942510707676589,0.5386456386221323,1.5803798854694477,0.7332865765926542
borderline_fake_21,borderline_plausible_fake,1.5902843499283366,0.9088904486786642,0.46988933494115803,1.6311372469864178,0.7262262701431311
borderline_fake_22,borderline_plausible_fake,2.3118307651594567,0.7152844321166916,0.6246401144224312,2.4409223788556083,0.6234966330726073
borderline_fake_23,borderline_plausible_fake,0.7510394905993202,0.8930991309953912,0.49575570002613467,1.4343190026430404,0.7563999540464224
borderline_fake_24,borderline_plausible_fake,11.389948144765015,0.21919802320131232,0.6015843631367669,1.6737273195822047,0.6745865694352036
borderline_fake_27,borderline_plausible_fake,,0.22397967636476546,0.5982720563557647,1.5558680810068288,0.7433982701055554
borderline_fake_28,borderline_plausible_fake,99.8339028633405,1.1102230246251565e-16,0.5787135823224225,1.7483603261692056,0.6594630742326253
borderline_fake_29,borderline_plausible_fake,0.7639855230413306,0.8654516362795351,0.45853267504873385,1.4078083957168435,0.8073410536365244
borderline_fake_30,borderline_plausible_fake,7.43652134291083,0.4795001165860052,0.5888596532474513,1.5312763235832987,0.7341735977639758
borderline_fake_31,borderline_plausible_fake,1.7428034476236534,0.7756642281778924,0.5750445593915643,1.739383114032247,0.6757577590323809
borderline_fake_32,borderline_plausible_fake,11.595697987767457,0.3221042806525143,0.5410218551508887,1.5579299892278817,0.7307119670870376
borderline_fake_33,borderline_plausible_fake,6.1930517533067375,0.45681446965889894,0.5970661342381709,1.5558905801316336,0.7152785549491036
borderline_fake_34,borderline_plausible_fake,4.843819328875972,0.5541762843539877,0.5884182301340796,1.6234066032179801,0.6295678767607551
borderline_edge_0,borderline_edge_factual,,0.08844062499465799,0.09556051636115837,1.6656685532873425,0.6398867282223847
borderline_edge_1,borderline_edge_factual,,0.05620496875683767,0.2457825881064114,1.653108733101516,0.8019663183699226
borderline_edge_2,borderline_edge_factual,,0.16281177789316792,0.17913023757513724,1.6264341278383105,0.8041503769451149
borderline_edge_3,borderline_edge_factual,,0.1437747564434424,0.07484700546579903,1.553899464985886,0.8042386337572582
borderline_edge_4,borderline_edge_factual,,0.13089974091560808,0.3450213253906125,1.7122688669342558,0.7140104411029206
borderline_edge_5,borderline_edge_factual,,0.08844062499465799,0.09556051636115837,1.6656685532873425,0.6398867282223847
borderline_edge_6,borderline_edge_factual,,0.05620496875684,0.2457825881064114,1.653108733101516,0.8019663183699226
borderline_edge_7,borderline_edge_factual,,0.16283813203533948,0.17913023757513724,1.6264341278383105,0.8041503769451149
borderline_edge_8,borderline_edge_factual,,0.14377489418651113,0.07482431574051518,1.5540955067861715,0.8041312536226545
borderline_edge_9,borderline_edge_factual,,0.13089974091560763,0.34505488423461117,1.7122561432192438,0.7140213285537027
borderline_edge_10,borderline_edge_factual,,0.08844062499465855,0.09556051636115837,1.6656685532873425,0.6398867282223847
borderline_edge_11,borderline_edge_factual,,0.056204968756840334,0.2457825881064114,1.653108733101516,0.8019663183699226
borderline_edge_12,borderline_edge_factual,,0.1628607718304419,0.17913023757513724,1.6264341278383105,0.8041503769451149
borderline_edge_13,borderline_edge_factual,,0.1437747496539057,0.07482431574051518,1.5540955067861715,0.8041312536226545
borderline_edge_14,borderline_edge_factual,,0.1308997409156092,0.3450213253906125,1.7122688669342558,0.7140104411029206
borderline_edge_15,borderline_edge_factual,,0.08844062499465888,0.09556051636115837,1.6656685532873425,0.6398867282223847
borderline_edge_16,borderline_edge_factual,,0.05620496875683978,0.2457761505148467,1.6530648637972487,0.8019608886964135
borderline_edge_17,borderline_edge_factual,,0.16287906221865223,0.17912730162724255,1.6263673841430328,0.8041708552938566
borderline_edge_18,borderline_edge_factual,,0.14377475935095296,0.07482431574051518,1.5540955067861715,0.8041312536226545
borderline_edge_19,borderline_edge_factual,,0.13089974091560763,0.3450213253906125,1.7122688669342558,0.7140104411029206
factual_001,factual,6.929599383735036,0.44742136266618215,0.28690158444141856,1.427285810374314,0.8166068796113669
factual_002,factual,52.26207714443978,0.0,0.5214923696674227,1.5428428058509762,0.7250637413723073
factual_003,factual,16.513633604634144,0.15643563620851364,0.49546618251490937,1.636075217619012,0.7602978286276143
factual_004,factual,35.57751341639667,-2.220446049250313e-16,0.38697169389717134,1.4568555105030592,0.6992852443950706
factual_005,factual,0.6343616991741589,0.7959816819341655,0.5950361547267715,1.8127101960982757,0.604222800511543
factual_006,factual,8.540222110560123,0.35563140660493864,0.5489555389649705,1.6601933545851342,0.78689914877628
factual_007,factual,10.305948263707277,0.31279669616890804,0.49194725771964587,1.5903804756675308,0.7393158827220448
factual_008,factual,10.275136254452676,0.2670585343164201,0.5537412854575314,1.644334043574361,0.7740358148860351
factual_009,factual,0.849428288256982,0.8481900827532411,0.5083676243567845,1.6688204418684618,0.6337254911374172
factual_010,factual,11.775799360369307,0.31848035045196277,0.47048549570765286,1.56773624312409,0.7543431181432056
factual_011,factual,3.476513060721243,0.6832832190272993,0.533809886572902,1.7430704196161773,0.6763440459920045
factual_012,factual,10.505449655170226,0.28406712938093215,0.47244341139867696,2.173097746982227,0.7860974353127362
factual_013,factual,3.1113529582217176,0.6153152402075883,0.45519401482115607,1.5300434663668918,0.7080230631300728
factual_014,factual,2.3333597066462985,0.7330674130526451,0.5196026288806116,2.199583681199253,0.7782048166966801
factual_015,factual,13.599817157334462,0.23768718379661136,0.4958379670097737,1.4585589328878723,0.763588514149049
factual_016,factual,17.082590453787827,0.19829680996813936,0.4964189632018502,1.6035739319060058,0.7305653706634347
factual_017,factual,13.322504773171175,0.2926382388086429,0.5537432236850965,1.3893335987920303,0.7681340728375617
factual_018,factual,5.7515268986472226,0.5396352414141532,0.3227364419959592,1.488573548463778,0.7490736330601716
factual_019,factual,3.1669775800554016,0.6730960397027268,0.4708446767052624,1.4697912780557238,0.7927693141065637
factual_020,factual,6.55515599102187,0.44688092452874817,0.4914824202789162,1.6355644798953604,0.7141426042829769
factual_021,factual,2.084675264911251,0.7509487180048353,0.4242342711170749,1.437338333539816,0.7057974756824725
factual_022,factual,7.328860575448816,0.38011810652275546,0.5194002370825246,2.11813285972269,0.7888343474015884
factual_023,factual,12.620296122642047,0.2452910406227562,0.5348822932022061,1.6490830969475492,0.7044984150292017
factual_024,factual,10.47561402619267,0.28058179341950173,0.4484573939404104,1.6706121005395924,0.7033958796122887
factual_025,factual,132.42275154976227,3.3306690738754696e-16,0.5117298888667272,1.6429126789086972,0.7204560191668745
factual_026,factual,36.27273370754906,1.1102230246251565e-16,0.34439985730796585,1.591209790699729,0.8206354683180099
factual_027,factual,46.74319367011653,1.1102230246251565e-16,0.3642274518497082,1.5270706996297603,0.7633699371421421
factual_028,factual,13.945063146622703,0.19297911432451442,0.5368214525725794,1.6808798812307815,0.7464809316145942
factual_029,factual,94.92758616495968,0.0,0.5704432634955076,1.517434539091369,0.8084093392055437
factual_030,factual,2.7538247291316096,0.7668813329400868,0.47219247024196476,1.5989717679456927,0.6532845700035373
factual_031,factual,6.1250291072362755,0.4572321689239609,0.3462148777121836,1.4704227408897466,0.7794445790180302
factual_032,factual,33.31956747483958,0.0,0.47699790307200274,1.5145786126070766,0.7119126764159768
factual_033,factual,35.59281573824403,2.220446049250313e-16,0.5577915745729615,1.6009855893248721,0.7746265286605831
factual_034,factual,3.5076288474263717,0.6952801870429137,0.497085648962429,1.4693644117237807,0.7782214859222703
factual_035,factual,4.845547957388463,0.5393551581036777,0.3505611952848855,1.5380572164727986,0.7813647980744627
factual_036,factual,11.348104083227613,0.1454804201304627,0.4021450253300156,1.7131054498474376,0.8045040065828291
factual_037,factual,25.63655417255146,1.1102230246251565e-16,0.37350453062203737,1.6406575055622534,0.7121194102499737
factual_038,factual,28.163782225754264,-2.220446049250313e-16,0.2926467250686141,1.4320322619846344,0.8492955255080701
factual_039,factual,11.731316202851092,0.29770529162551884,0.5337839000600075,1.4968432568351246,0.6578207026078017
factual_040,factual,37.09185751538133,0.0,0.4955555663289558,2.4907916965422943,0.7438758769124163
factual_041,factual,3.2662636767533844,0.6056858182588869,0.36771071743069694,1.4755623568961818,0.7740296550999092
factual_042,factual,1.77264284180532,0.8318725783280523,0.5395901682319295,1.6551275699170216,0.7985738797667481
factual_043,factual,15.434889016941419,0.2623666722788942,0.5777548617653043,1.5606131858333216,0.7747859864750749
factual_044,factual,8.235292824656025,0.40516313027347817,0.3681917696874052,1.4455486580276196,0.7853141309744663
factual_045,factual,6.455192799144893,0.450439749115744,0.2884051229297785,1.4536892127918921,0.7892814276339735
factual_046,factual,8.136431765884618,0.4660423327436203,0.514151637376933,1.3850454305890603,0.7679784747187712
factual_047,factual,4.497252038015068,0.5598746093928245,0.4857488811952748,2.4956542498295153,0.7651505581880438
factual_048,factual,2.467702369280834,0.6068092023827316,0.5320171246589672,1.669465354924677,0.7908778910919066
factual_049,factual,0.6454028841085729,0.8051334766150875,0.579269345225372,1.7773488803942223,0.6087556385035638
factual_050,factual,0.8052614435889442,0.8385872110634407,0.529476712971758,1.6202171498905402,0.6676167559736326
factual_051,factual,5.270818032946525,0.4828815127684033,0.4817205955632726,1.6075469356123249,0.6575131316270182
factual_052,factual,9.730249069738832,0.3487661001492588,0.30746331206318056,1.5675402123828928,0.7536312131339302
factual_053,factual,6.636403730449492,0.4359761888516478,0.26201276189980927,1.445163814679944,0.8048033221114583
factual_054,factual,20.901682426236228,0.15562539544306175,0.48472151916636197,1.383711336911372,0.7645934326710406
factual_055,factual,3.7967053389747196,0.5841313739140175,0.37457388554632665,1.5077213820686648,0.7849008747510435
factual_056,factual,10.912707123160242,0.27865287167497765,0.37582261904516234,1.5049147495204112,0.7742059865635571
factual_057,factual,24.769607001817537,0.011287233797989682,0.42143723805975164,1.4648258882038403,0.7694453172394339
factual_058,factual,12.044291887760572,0.3390824461694907,0.5111469041204717,1.5545940409574548,0.8140485421238759
factual_059,factual,5.195986013320948,0.357348894131446,0.3940866374503651,1.5511252045053732,0.7838069112840811
factual_060,factual,2.815520359063584,0.743211048249168,0.36714793192591644,1.425059880535836,0.8520090209987095
factual_061,factual,22.803466798172316,0.11040864122466454,0.530961196704224,1.511143753659508,0.7806205114743071
factual_062,factual,8.822747968919346,0.3587941822449432,0.28077079171064445,1.4230038222906043,0.8144083208268791
factual_063,factual,3.826558039942696,0.7098511176138034,0.5277960852448533,1.54508021969518,0.6906612743816015
factual_064,factual,3.5698928189300907,0.6094687471332425,0.3698050651022028,1.5924750584801155,0.8068829925128963
factual_065,factual,9.208378120952263,0.22459417525779823,0.48492423251515293,2.070155573285705,0.7389572015367624
factual_066,factual,10.37747587449136,0.33605458716699066,0.44325986148046714,1.437838911493825,0.7965714069335859
factual_067,factual,6.526615197590411,0.5798424716069741,0.5071865576375351,1.570946092272075,0.7582373529377417
factual_068,factual,11.036523457607954,0.23844199231381102,0.511323132435285,2.3556216928113503,0.7724926424265565
factual_069,factual,4.748513546627812,0.5115933251339644,0.5369340943521124,1.6310453792943527,0.786516724035984
factual_070,factual,9.893515083647538,0.19842079214866237,0.5628367211223799,1.838338226233365,0.7907702208781195
factual_071,factual,8.10733079664315,0.461534458324117,0.5023408825289193,1.5303797226607514,0.7976021253211883
factual_072,factual,7.06241896242181,0.4217231241732762,0.5293112383235585,2.052913815779441,0.7936154663048665
factual_073,factual,5.127871275797815,0.4685473178708678,0.4971347459068951,1.8813149697779943,0.8060820205907173
factual_074,factual,3.804343707889623,0.7184528692678035,0.5340626408896963,1.5822706579581662,0.7457243605495685
factual_075,factual,282.9090552299722,0.0,0.5526658730319928,1.5299397541177395,0.7807696613698134
factual_076,factual,4.084834042355085,0.5658991755708114,0.37589225146493654,1.4660703538082063,0.7629524834612326
factual_077,factual,249.17503584226972,1.1102230246251565e-16,0.2872070217824768,1.4483453849882282,0.7973612276794142
factual_078,factual,39.894607799183454,0.0,0.44108286792715157,1.458481285624343,0.7946352676800279
factual_079,factual,19.93597625573886,0.025817720814391376,0.4554676890827559,2.276428274066912,0.7785665353096611
factual_080,factual,4.420595307391962,0.5055580278519176,0.37312678335487415,1.5829375437584468,0.7981197224733367
factual_081,factual,15.515318860117508,0.22057399055578708,0.49182137433292317,1.3558153290652775,0.8192204389974898
factual_082,factual,83.74019665965815,2.220446049250313e-16,0.5084261618466914,2.035393199162872,0.7615156538606355
factual_083,factual,24.05542218602821,0.05766835197701403,0.3271119500566003,1.451152926094506,0.7950385259633002
factual_084,factual,10.505099014325012,0.22893282563638317,0.5497967403683747,1.884496177179236,0.8233917817187093
factual_085,factual,23.643928064992735,0.03724284100571895,0.5051687256244658,1.6102037851392017,0.7613331582727212
factual_086,factual,1.7628744505389082,0.8033095604077409,0.5490075373322965,2.015452604210398,0.8063632608797181
factual_087,factual,4.896721067050516,0.6479279028923509,0.3613206321822504,1.436029069276888,0.8372493425625792
factual_088,factual,9.515472550946463,0.3396011947066253,0.40804181560011976,1.465300663592862,0.7910473151233647
factual_089,factual,3.677853193325036,0.6666581000882923,0.3188786910577298,1.5131182125148306,0.799091528923978
factual_090,factual,61.04110220745146,-2.220446049250313e-16,0.3964080482015173,1.4187546985405888,0.8131726537987362
factual_091,factual,6.153597142033446,0.4261113397626155,0.45589507450295097,1.400802104480607,0.8456889289914585
factual_092,factual,21.597138727475276,0.03159569604349499,0.36238436871954516,1.4168148186832066,0.751873626663548
factual_093,factual,18.358154504171118,0.0671185519692219,0.4713046344375188,2.3499719020727152,0.7683241939037692
factual_094,factual,22.278805107972584,0.026117090100918783,0.5003007857566056,2.080056827153228,0.7804110141923681
factual_095,factual,54.87872274376412,1.1102230246251565e-16,0.5101534961972927,1.6163209676949646,0.7869664265862802
factual_096,factual,32.40296783699443,-2.220446049250313e-16,0.4742852508276898,2.0973629923839554,0.781965458096553
factual_097,factual,7.210388290892827,0.3337395468446722,0.5348416626677427,2.146149723753868,0.800215709017006
factual_098,factual,7.052631089121387,0.43537346012419287,0.51781334739828,2.187416565824021,0.7232017443268683
impossible_001,impossible,40.48936260143259,-2.220446049250313e-16,0.5551838951744963,1.3644283709540836,0.8276925045696241
impossible_002,impossible,13.231186383533045,0.2806778737116963,0.43064904220839695,1.4401356453933196,0.7836114071853095
impossible_003,impossible,9.060630934100576,0.4239195475062465,0.5627706547511742,1.5651701004905392,0.700848589113422
impossible_004,impossible,7.913549002135956,0.36074304690393555,0.5197243019825668,1.458452861984996,0.6939721821069513
impossible_005,impossible,5.5083498814308145,0.574928775103801,0.4892219794456599,1.5568969252909877,0.6068086579060945
impossible_006,impossible,22.921780993228623,0.031128324899930115,0.5387384402670877,1.449763272741444,0.7372826727751762
impossible_007,impossible,16.037428441584975,0.23457952091338918,0.5647081094835489,1.5734499261300294,0.6238848863130082
impossible_008,impossible,32.16743365091668,0.0,0.5167571652418199,1.5210648218299583,0.6785465504109989
impossible_009,impossible,13.293158348391978,0.2533691388774768,0.491107906341293,1.4323611294684442,0.7292741832908624
impossible_010,impossible,28.836368156533652,0.0027501122133142264,0.4184464516500347,1.3885229588164163,0.7738089668558243
impossible_011,impossible,3.3576454537416276,0.7193765685924425,0.5802479210740829,1.606736831410972,0.6605835907622317
impossible_012,impossible,7.038402269199138,0.41883660398196665,0.3895290976517082,1.5273694970414504,0.6704030516806085
impossible_013,impossible,4547.000900875081,0.0,0.4086266107713111,1.6587137427894743,0.689658988036263
impossible_014,impossible,9.011390344616208,0.4423619685250402,0.47003391981215814,1.5885150038440978,0.6121381627726835
impossible_015,impossible,13.530899004027424,0.3166479386251986,0.5874836388564829,1.395728484135234,0.7486451980379364
impossible_016,impossible,8.309688725327609,0.4515553057300872,0.44828676100473175,1.4693475571044963,0.7341186170628089
impossible_017,impossible,111.6848002284611,0.0,0.5558571067712224,1.346925906340128,0.7053133742311688
impossible_018,impossible,25.614012775150783,0.05506837827542188,0.4872344658755814,1.4694140978080905,0.74738072341108
impossible_019,impossible,2.419021299921845,0.6985254773018361,0.43883645924204095,1.4670087514393895,0.692194954090939
impossible_020,impossible,265.52179289141463,-2.220446049250313e-16,0.5051285403166632,1.3029682692761662,0.8185930712681566
impossible_021,impossible,3.2246881933503535,0.7455768407446961,0.511383179081994,1.418451701642014,0.681343290566415
impossible_022,impossible,22.340159022658874,0.0907929455994041,0.37295895121860934,1.4644425009909716,0.7186930170136916
impossible_023,impossible,22.392121042239257,0.0948905946407459,0.5955665714906428,1.4338934832756973,0.80529583340624
impossible_024,impossible,1.423494005895095,0.830164957426446,0.40457523418750563,1.4278812842330573,0.7867355744549867
impossible_025,impossible,2.007058223890237,0.7072780648093208,0.5017505139859315,1.4744178439570206,0.7173278021128849
impossible_026,impossible,1.2302174857833361,0.8800187668698034,0.41819974195425125,1.4110958339855557,0.7888166930983602
impossible_027,impossible,2.6677419899250485,0.7062752967036268,0.3711988868490881,1.4478390667797614,0.6840982242455453
impossible_028,impossible,7.702878081329594,0.5000999656549192,0.4815762854867185,1.5400536996698608,0.645387485598485
impossible_029,impossible,29.154307843060035,0.0,0.5657581248771495,1.577398290205864,0.7961269228544424
impossible_030,impossible,1.6111783195323657,0.8351902281247721,0.5249444743006565,1.43126372781913,0.7277650240723668
nonexistent_001,nonexistent,15.054573480524937,0.1408962552955857,0.4817099847987866,1.6183883227319533,0.6505587721430863
nonexistent_002,nonexistent,5.598004638636666,0.46635291087937947,0.48200971870723075,1.9380899422761615,0.6454700365940155
nonexistent_003,nonexistent,66.36883897240314,0.0,0.38443809560931985,1.5098126297104038,0.7186116406695099
nonexistent_004,nonexistent,164.34142127225388,0.0,0.6303578172548222,1.8513264616285658,0.5843523348222711
nonexistent_005,nonexistent,48.8081915218663,0.0,0.573350714515258,1.861595400219066,0.6681679572854953
nonexistent_006,nonexistent,48.9694518063152,1.1102230246251565e-16,0.3695283327972756,1.5507595215167234,0.7023995483185185
nonexistent_007,nonexistent,2.2657312592591747,0.6656042179179176,0.33360696214438856,2.1531748994604385,0.6460701015720379
nonexistent_008,nonexistent,8.05366444284582,0.18914295694580652,0.5874211128806354,2.3988800587666375,0.5466107494595671
nonexistent_009,nonexistent,5.733140078317807,0.4842120832061292,0.6078996431930908,1.9620085208928135,0.620044332182131
nonexistent_010,nonexistent,4.701426515170124,0.587167485955802,0.4779683275596519,1.833888338501531,0.6309298528266939
nonexistent_011,nonexistent,22.429655913180547,0.037869176633905766,0.3921120255617577,1.8236217002818538,0.5905812461660369
nonexistent_012,nonexistent,183.17733946949184,1.1102230246251565e-16,0.37754428596472756,1.6971808748104817,0.7212749057968125
nonexistent_013,nonexistent,90.61757140419033,1.1102230246251565e-16,0.6224502132968683,3.3367269166353677,0.5440942975024898
nonexistent_014,nonexistent,122.03749596158237,-2.220446049250313e-16,0.5000449617692835,1.83211176810429,0.570093262512271
nonexistent_015,nonexistent,35.00293124223755,1.1102230246251565e-16,0.4921907705872668,1.5010405648412661,0.6570302922759929
nonexistent_016,nonexistent,5.317157527717918,0.4025101204845094,0.6195132223961526,2.8109377343198965,0.5992554236982213
nonexistent_017,nonexistent,4.284590414764409,0.5769583421997224,0.5302414990249591,1.744627820754206,0.6032795333598666
nonexistent_018,nonexistent,7.4338046720243565,0.3961603706760024,0.5963926672374946,1.8480466921260805,0.6887798380587833
nonexistent_019,nonexistent,32.60351006751587,0.0,0.6021392489270947,2.844715109710209,0.5532904130313078
nonexistent_020,nonexistent,4.463757629517768,0.5414765363933832,0.5070670354191914,1.9924887873947454,0.6829607177693717
nonexistent_021,nonexistent,4.435742434971398,0.5956860738097913,0.5331093884144366,1.7665825244221536,0.6083857987330116
nonexistent_022,nonexistent,2.5929795223138146,0.6676641691732299,0.5414587680396219,2.0033132341171274,0.5644404037168697
nonexistent_023,nonexistent,5.783913514192523,0.47194072796743003,0.6343674877928529,2.408321028499304,0.6130953788120019
nonexistent_024,nonexistent,43.50661917029564,0.0,0.5612271086606379,2.0146061249018192,0.6094802785950895
nonexistent_025,nonexistent,68.29152713081602,0.0,0.5331879446708088,1.403339101909298,0.7164925264980905
nonexistent_026,nonexistent,12.046549208539533,0.17959368353315353,0.5782301043059824,1.8769855826473747,0.6896929911852393
nonexistent_027,nonexistent,1.7048887435435771,0.7154062532950681,0.6006616565273908,2.194790111355604,0.44983730202542427
nonexistent_028,nonexistent,3.439613333587468,0.6660436405945,0.27561066910494214,1.5311909251784908,0.7378243434465728
nonexistent_029,nonexistent,123.43291100156759,0.0,0.6229379003448303,2.4189238401918165,0.5542070362317157
nonexistent_030,nonexistent,2.7409249188061557,0.6325686339720304,0.56871666946646,1.8669859537456024,0.6991210118984552
nonexistent_031,nonexistent,4.334018186335014,0.43831749488490235,0.569469296314977,2.3068901920253535,0.6243853014875628
nonexistent_032,nonexistent,2.599491835799798,0.6619559710317514,0.6432758790766617,2.7350297986924805,0.5576855311657261
nonexistent_033,nonexistent,2.696459436727039,0.6090335933612909,0.569874217129125,1.859615416014732,0.6694354637835519
nonexistent_034,nonexistent,3.124108665497605,0.4894720467698914,0.6349845730868906,2.310370465169915,0.5835540555011897
nonexistent_035,nonexistent,101.62565735465814,0.0,0.5607798031452288,1.815322185705487,0.6459051997201808
nonexistent_036,nonexistent,54.17141323301032,1.1102230246251565e-16,0.5560388037193557,1.8340710908711142,0.6037298173620638
nonexistent_037,nonexistent,6.05019490247059,0.36993493200478345,0.3282834231382359,1.578198505197913,0.6679470531250629
nonexistent_038,nonexistent,1.5451566592292025,0.7926552947993657,0.6289371171987566,2.798879070765374,0.5269310543433201
nonexistent_039,nonexistent,88.34031248218449,0.0,0.6143906513841051,2.09984444517962,0.5124721845110773
nonexistent_040,nonexistent,67.35349335987206,1.1102230246251565e-16,0.6254613771428076,2.17637566470198,0.5252641700310074
nonexistent_041,nonexistent,6.017289038014661,0.35605302765282965,0.3982105289147777,1.7324678079943068,0.6220385427608175
nonexistent_042,nonexistent,4.522200077703815,0.5695001949670522,0.44053901853531807,1.3842196561942195,0.7544057699500959
nonexistent_043,nonexistent,4.239016083503795,0.6576880646803562,0.4194503129917816,1.530149661847831,0.6728972991393612
nonexistent_044,nonexistent,5.035077435871787,0.3615768722035666,0.6054074599816353,2.6033746890485525,0.5910195936646085
nonexistent_045,nonexistent,25.71399328228222,0.024980276124552225,0.5028245130419267,1.6749878554866369,0.6688645790676859
nonexistent_046,nonexistent,2.2619902447958236,0.6612279677031945,0.5148879862919402,1.7058183812411352,0.6978585823843695
nonexistent_047,nonexistent,319.2305226269049,2.220446049250313e-16,0.5193992921772052,1.7843887253685637,0.6564849738450533
nonexistent_048,nonexistent,8.208617508789942,0.2740750784357763,0.5015228207299758,1.7716580974953335,0.6482371317934588
nonexistent_049,nonexistent,7.749492482447921,0.4076888275255732,0.41343592687364183,1.6919208316486347,0.6471226597546075
nonexistent_050,nonexistent,3.144570376418997,0.5204752094388845,0.4521190116733146,2.339305451952287,0.6087229164276297
nonexistent_051,nonexistent,1.6339003824904494,0.8056613586077341,0.5465498169473262,1.898208667441742,0.6398079924587524
nonexistent_052,nonexistent,21.832913583206864,0.03160847308324455,0.3525776705301954,1.7911756373815437,0.6059538638436388
nonexistent_053,nonexistent,10.091880350629925,0.23582677856204814,0.34105321045661363,1.6665790638430067,0.6404740681543023
nonexistent_054,nonexistent,13.544285784388192,0.17917787411047748,0.6154990643267508,2.284245441699252,0.5583922798350565
nonexistent_055,nonexistent,31.347852097490016,-4.440892098500626e-16,0.613989135667868,2.8000102675182945,0.6074233514988998
nonexistent_056,nonexistent,7.595135046331061,0.3415866004080783,0.5666999726786175,2.023161636540833,0.605087161744764
nonexistent_057,nonexistent,1.8550267428993543,0.8232504232178327,0.5918807245965352,1.7299316973549785,0.7089043219763297
nonexistent_058,nonexistent,11.879005159904377,0.2181792283230306,0.3754672076826564,1.6671420132582708,0.6795003149892797
nonexistent_059,nonexistent,38.216219444297266,0.0,0.6154178351746333,2.113087440169748,0.5088320381241103
nonexistent_060,nonexistent,31.192669673225858,2.220446049250313e-16,0.6205945817239511,3.1261581702420114,0.5777227154572548
nonexistent_061,nonexistent,79.81313551269344,-2.220446049250313e-16,0.6046893792099259,2.104256018073756,0.6242117817432631
nonexistent_062,nonexistent,3.8077697408268443,0.5027769064190599,0.629532059905055,2.74043369147997,0.6128859813244258
nonexistent_063,nonexistent,28.930894543683955,0.0007423423991868017,0.3115777646398954,2.026968657136015,0.6896457044229147
nonexistent_064,nonexistent,6.483978095256254,0.4378544367540972,0.6341059115948153,2.742433559057107,0.5561474578380757
nonexistent_065,nonexistent,31.17127012340441,3.3306690738754696e-16,0.6417169544015786,2.4820727351056395,0.6318691006207928
nonexistent_066,nonexistent,17.165715253141244,0.0857618930521522,0.429964525777387,1.6827132560855569,0.677628483715478
nonexistent_067,nonexistent,3.006428664786856,0.5074212232165478,0.6498395689625738,2.302289325481184,0.5924611912002469
nonexistent_068,nonexistent,82.1116927922468,2.220446049250313e-16,0.30140260696485366,1.5021603947297895,0.7754381480701797
nonexistent_069,nonexistent,13.80137837605417,0.18069723941399607,0.34143936721896506,1.7251684917755867,0.6305573698113265
nonexistent_070,nonexistent,6.269063626330917,0.340618043057329,0.6441861566104864,2.5652929412321432,0.5456916988654187
nonexistent_071,nonexistent,5.890874121606236,0.5517753406096548,0.47466474638790424,1.3853851322070303,0.7400213581288653
nonexistent_072,nonexistent,11.018611931258812,0.3117094302685117,0.43146606590345604,1.437308129071761,0.6798144760375509
nonexistent_073,nonexistent,2.7961574445456168,0.6915652633750171,0.6626919472502806,2.788018222576816,0.5995575690533418
nonexistent_074,nonexistent,7.560370654193001,0.22917068003815577,0.6057492155039489,2.345972446875116,0.5586403340039207
nonexistent_075,nonexistent,9.901934708379759,0.2975521919484657,0.3064806798816807,2.057340000163197,0.6818306802954845
nonexistent_076,nonexistent,8.011598264860822,0.2455236847179203,0.423280677167826,2.2159163947954235,0.6334169057338934
nonexistent_077,nonexistent,6.221794153763831,0.430918743666715,0.3809207533505158,1.6482170001294292,0.6830404161051546
nonexistent_078,nonexistent,6.3129209842919645,0.43006741284308936,0.641172878390984,2.701764604143399,0.5702888579877693
nonexistent_079,nonexistent,15.231640452845857,0.0695412981066732,0.5883258633053972,2.2984973883232596,0.5391150645460736
nonexistent_080,nonexistent,10.386004522132598,0.16475758569361343,0.6086172108257307,2.3255447548523946,0.5309988382694201
nonexistent_081,nonexistent,3.01242536936115,0.5402558621410412,0.48035233026575996,2.216323900657386,0.6361307556037128
nonexistent_082,nonexistent,32.19945294058332,-2.220446049250313e-16,0.6041122758221704,2.928205992147156,0.5784413654926699
nonexistent_083,nonexistent,6.607094003892778,0.33999350843238596,0.6515442723609939,2.6727116824186714,0.5455032882944802
nonexistent_084,nonexistent,7.485351374504898,0.3432529058050183,0.605713705943232,2.2796883673382737,0.5461484153440519
nonexistent_085,nonexistent,32.64708469327151,-2.220446049250313e-16,0.6234135795132865,2.4185594471390033,0.5653271193068776
nonexistent_086,nonexistent,6.940930898321341,0.3373236572888746,0.6376791636246033,2.582920802243243,0.5474695345285019
nonexistent_087,nonexistent,14.495947775758898,0.07207151768674802,0.5995779974611305,2.393670616918386,0.5524348012279763
nonexistent_088,nonexistent,32.304683322202614,0.0,0.6205234595978077,3.0869679348366788,0.5367982447538222
nonexistent_089,nonexistent,13.573816489695961,0.13950880034218816,0.5207093248007593,2.820902937342702,0.5511707745959592
nonexistent_090,nonexistent,4.595496332518708,0.5480643051511495,0.6504268076696624,3.0780162768152635,0.5792540582679433
nonexistent_091,nonexistent,14.661524549219173,0.09613667786771307,0.5627799652376071,2.868335890448244,0.5568584005800573
nonexistent_092,nonexistent,1.5862982988365353,0.6939108197670597,0.6226384002692066,2.2431595386741683,0.4541492339730445
nonexistent_093,nonexistent,3.1942610301384353,0.6362759088283628,0.5558923838300768,2.9688580435681318,0.5523887155050701
nonexistent_094,nonexistent,9.366308621945668,0.25186954966396036,0.6247293231190759,2.3017487690902194,0.5394582415033763
nonexistent_095,nonexistent,5.01864133200012,0.4008674466881649,0.3299242304109904,1.9603373774097685,0.6649974826612096
nonexistent_096,nonexistent,3.834097629173658,0.5234676781655314,0.6508397288676153,2.602294981836084,0.587041031120872
nonexistent_097,nonexistent,5.578577913590885,0.3711075163686586,0.5760461246125153,2.7870347057066587,0.5708445804809855
nonexistent_098,nonexistent,9.878917445755453,0.17891261112675405,0.6355667123228385,2.3146382803413363,0.5865277545158156
nonexistent_099,nonexistent,10.372247569640553,0.18548387603920669,0.5795020680920449,3.112889698881475,0.5378521739295425
nonexistent_100,nonexistent,1.5838381679474847,0.7525913208992216,0.5066903933105685,1.9217368729401905,0.7123638724106192
nonexistent_101,nonexistent,238.7333040810868,2.220446049250313e-16,0.26677616721018527,1.847509757916111,0.6948176533209686
nonexistent_102,nonexistent,1.5969735001684737,0.7926552947995014,0.6492961106882392,2.963905267115167,0.5244622228048463
nonexistent_103,nonexistent,3.014953822953819,0.6067635688417263,0.5471634454558872,2.739255957002563,0.5367570734481245
nonexistent_104,nonexistent,4.280587423788772,0.5537208373472977,0.6356118945765119,2.4610975663030747,0.6036368328881188
nonexistent_105,nonexistent,1.9742301845220414,0.8136527272505659,0.591551588600153,2.9172361619930807,0.5707843284727385
nonexistent_106,nonexistent,2.123548251549182,0.6915652650655213,0.6423838797653962,2.66286098337228,0.6289558585387485
nonexistent_107,nonexistent,8.827972192839988,0.33272364173439584,0.6202922492609452,2.6355816712518614,0.5790309490595416
nonexistent_108,nonexistent,5.168891069926755,0.4909737316958376,0.5884316649263088,2.798055427951821,0.5360609973087569
nonexistent_109,nonexistent,33.940870871517625,0.0,0.2965820716339551,2.045944859654859,0.6780506832350843
nonexistent_110,nonexistent,3.875836935220728,0.6151208033596185,0.5531194458965867,2.7359563143722103,0.5731910321424595
nonexistent_111,nonexistent,10.697587053918483,0.22628858655113082,0.28721890933742256,1.9462431359500376,0.6714894753067943
nonexistent_112,nonexistent,3.545660482067967,0.6122992464658877,0.612375443175623,2.9629448852363716,0.5454855792368384
nonexistent_113,nonexistent,14.32821696948827,0.06661643248212967,0.5946104138266488,2.8408375605726137,0.560973570185905
nonexistent_114,nonexistent,8.278595360261324,0.25497996331725536,0.632130970393195,2.8370466407071984,0.5725615434412104
nonexistent_115,nonexistent,8.107003044901145,0.26969391983624913,0.5072720373922925,2.3494202548336895,0.5791069434276004
nonexistent_116,nonexistent,30.36396700795914,3.3306690738754696e-16,0.6013863472432728,2.3486553708480447,0.5742081417586806
nonexistent_117,nonexistent,8.361457320514765,0.24529702264848519,0.6302823834772958,2.6345552180870278,0.5793048292695969
nonexistent_118,nonexistent,15.054518549936255,0.13187132986521732,0.30747717567112864,2.075526737420204,0.6792052273173557
nonexistent_119,nonexistent,11.199431108297619,0.2047963245810397,0.28725228174706263,1.9102355008767475,0.6805384351689523
nonexistent_120,nonexistent,3.488779379154061,0.5296678639037156,0.5647976635727956,2.022418711166697,0.6877294412018036
